1.000000000000000000e+00,4.779645676604766247e-01,5.157537917221923784e-01,1.771484755746264295e+00,1.301998701581768003e+00,1.251796831846622826e+00,1.825412045104470193e+00,2.014021045785242769e+00,1.527374710648302880e+00,1.751989789709978318e+00,1.683008425940085484e+00,4.374713732889437545e-01,1.809101163501739107e+00,7.933857842228431156e-01,4.728227721704570952e-01,4.552001402949018560e-01,1.231913898307108735e+00,1.681068875965134657e+00,1.149176714771749097e+00,1.565688241624513477e+00,1.986405824246827212e+00,7.702227175512833535e-01,9.693756631896253140e-01,1.618274151864430355e+00
7.056310116270254618e-01,1.000000000000000000e+00,8.543254831229520896e-01,2.539669318989498326e+00,1.792831893888241934e+00,1.728825858096300516e+00,2.597128942550438246e+00,3.143476390424800204e+00,2.189290496329665991e+00,2.124536060998771347e+00,2.334011414031150533e+00,3.301915244278347816e-01,1.824674883276734993e+00,6.148731706437189359e-01,1.031136713656444881e+00,9.219640178536231412e-01,1.668362244422235907e+00,2.508856697892690057e+00,1.671075954641183525e+00,1.708391375810006663e+00,2.901112341543560902e+00,6.478737837085768447e-01,5.215149506126244283e-01,2.206388844584647124e+00
7.897455764489929031e-01,8.890180947659904742e-01,1.000000000000000000e+00,2.595242176878790996e+00,1.859388424917690852e+00,1.779155799745531397e+00,2.668000982063570614e+00,3.115186476037199004e+00,2.322072202599455348e+00,2.211619868497196162e+00,2.405055157213421335e+00,3.423829131908620038e-01,2.300641471622059342e+00,6.984499706905600291e-01,9.041275645263247007e-01,1.065529302526931454e+00,1.773892305247168233e+00,2.596710712217796591e+00,1.725972135484706182e+00,1.915747227650268947e+00,3.145516139362843688e+00,5.630769761963411169e-01,7.098791169098804810e-01,2.309831649486870919e+00
3.471455782655946121e-01,3.384302876066100918e-01,3.324486615240276333e-01,1.000000000000000000e+00,7.073560697643690443e-01,6.842874632842478322e-01,1.020864472129603850e+00,1.219620305813165606e+00,8.682465429961424563e-01,8.478554274902934118e-01,9.232476861710903204e-01,1.338684174857760756e-01,7.992490160213255868e-01,3.050479656252155225e-01,3.455325280717996828e-01,3.494018294219439769e-01,6.726599661610155323e-01,9.829281661295852235e-01,6.590109473536266416e-01,7.576080423137760977e-01,1.174117805157224081e+00,2.474018171179589720e-01,3.231061074125377020e-01,8.749078159492371665e-01
4.944701901666193056e-01,4.625868510209464879e-01,4.608396982847641765e-01,1.369564552672993596e+00,1.000000000000000000e+00,9.481687719297783312e-01,1.410307753539154385e+00,1.676120126174606151e+00,1.164760024167672325e+00,1.194324900120187216e+00,1.263702029412357541e+00,1.995909002500308727e-01,1.238673386063992687e+00,4.157380508524916030e-01,4.652927459332791282e-01,4.780533575309680039e-01,9.083043595067641363e-01,1.329020933431406037e+00,8.939706819225130552e-01,1.022927185555035035e+00,1.594620623158061079e+00,3.753649748548170684e-01,4.294943819755259184e-01,1.195209048622914993e+00
5.215907857673164338e-01,4.887914081188642901e-01,4.833121902607048770e-01,1.451021205444229301e+00,1.038701406891712198e+00,1.000000000000000000e+00,1.488099447462502445e+00,1.770198850832424231e+00,1.245760455842743086e+00,1.253767100042061822e+00,1.338998758047573734e+00,2.065672374553097213e-01,1.212492631534308751e+00,4.464050918536366930e-01,4.955210743533036144e-01,5.008704663670437984e-01,9.697831404674621680e-01,1.416161180552404142e+00,9.520038412643306858e-01,1.094874072609766102e+00,1.685043969856353074e+00,3.903651427990630363e-01,4.688825813133241094e-01,1.268613375036432789e+00
3.427264260636022630e-01,3.308257108548509628e-01,3.269192266553725967e-01,9.761599008716327353e-01,6.968535522694832007e-01,6.710325230980304090e-01,1.000000000000000000e+00,1.190883683965942907e+00,8.430442123506840524e-01,8.378401491403545398e-01,8.995814528122877407e-01,1.348450923700720561e-01,8.107200890874547428e-01,2.957228998847954426e-01,3.361985925410455600e-01,3.408730894090500341e-01,6.529282087671474111e-01,9.561225735365097567e-01,6.413274108821704900e-01,7.342215570160250948e-01,1.138527541210250682e+00,2.499547959020489707e-01,3.094582178920763371e-01,8.535118009957872731e-01
1.971733247383367638e-01,2.092243954637499626e-01,1.990842283078216868e-01,6.079788501194939299e-01,4.320397111821430713e-01,4.158394599715193873e-01,6.208727469413958255e-01,1.000000000000000000e+00,3.539714796623271154e-01,3.498366126476283866e-01,4.672928472053878846e-01,-7.464495574076224216e-02,1.623258745536357017e-01,1.486702739731292633e-01,1.957219316348933202e-01,1.941021159136723795e-01,3.090616121961213270e-01,5.230915829311900689e-01,3.544378383810557476e-01,4.323104107718518940e-01,6.950819280854813043e-01,7.388799087625141926e-02,1.367132237720179166e-01,3.781311326094687897e-01
2.581799034983665586e-01,2.507887300603440783e-01,2.555505016673199625e-01,7.461870224513896810e-01,5.167337012425823328e-01,5.047708667560152351e-01,7.572691386626873022e-01,6.112903721027416193e-01,1.000000000000000000e+00,6.631352523594441495e-01,7.232565909832349149e-01,1.374563006435842172e-01,5.925829503979169743e-01,2.998588409125230170e-01,3.052282123047239115e-01,3.167350430929416483e-01,7.135262649168576665e-01,9.246270810595373923e-01,6.084202236016241772e-01,6.585724344448731227e-01,9.583797714537614088e-01,2.647455878848417599e-01,3.769418771804918245e-01,8.472833134926720522e-01
2.487189722932192093e-01,2.054481204192989408e-01,2.052592334323087575e-01,6.141225452665481921e-01,4.465034179930772451e-01,4.283041474682525163e-01,6.332840973026189202e-01,5.056100191773996722e-01,5.587560156301617509e-01,1.000000000000000000e+00,6.167673273563540892e-01,5.164547456209390708e-01,1.426817953154157159e+00,1.910232090188862530e-01,1.930662394366456369e-01,1.966865956906986013e-01,3.967253481434496187e-01,5.672003994823794359e-01,3.823397680644991525e-01,4.199872365071143920e-01,6.782197128949040144e-01,2.305662681243758894e-01,1.873371319531624002e-01,6.882420166080330803e-01
2.814228594140531503e-01,2.643585026005956795e-01,2.618064033293386883e-01,7.851247103556150408e-01,5.553263881073491337e-01,5.370155591579923726e-01,7.994662315944811581e-01,7.989618942527757506e-01,7.146130427545461794e-01,7.239883528269841495e-01,1.000000000000000000e+00,1.523589456919086649e-01,8.614309172712834028e-01,2.470247411431893969e-01,2.719601612990236172e-01,2.779099304381017488e-01,5.586284768193051642e-01,7.817658917086232062e-01,5.230432862202518685e-01,6.136426537994632557e-01,9.538314292051638388e-01,2.639380328232314721e-01,2.523341892675829978e-01,7.769226929556074523e-01
1.403402111941255137e-01,7.210227153660224431e-02,7.120411424048764260e-02,2.199125964343671136e-01,1.681458192581896938e-01,1.598041906113816524e-01,2.326022782777077691e-01,-2.461246975042660212e-01,2.630925732047810772e-01,1.172410100444849279e+00,2.948735226310362778e-01,1.000000000000000000e+00,1.794773323929516273e+00,7.397161044631296589e-02,4.132014100306585780e-02,3.683206955165059526e-02,1.129529743659725971e-01,1.530336564115614695e-01,1.029593341486133296e-01,7.351185602957478749e-02,1.601416370865781647e-01,2.166153778103998007e-01,5.060408364637786205e-02,5.099371318109143791e-01
5.467505713626390901e-02,3.727925905040174043e-02,4.537826594927503454e-02,1.237055852412908274e-01,9.823911063982523895e-02,8.850777771351703294e-02,1.293301074470770973e-01,4.952427354546681121e-02,1.060006488948456449e-01,3.029112038111668181e-01,1.564604226568562795e-01,1.679502983987143372e-01,1.000000000000000000e+00,4.075086693501418084e-02,2.823780951871952133e-02,3.974708960557419429e-02,7.543717831823706921e-02,9.904995659179047229e-02,6.737877864358990387e-02,8.638085161652385435e-02,1.611094546051772269e-01,4.227784876914326972e-02,3.190242578442165772e-02,1.692329011560990693e-01
9.145518502262660610e-01,4.789575619610121349e-01,5.250679870676850935e-01,1.786608939411888253e+00,1.258858706105455250e+00,1.235997673631789029e+00,1.814324880789687011e+00,1.742089167103363145e+00,2.047793037249987957e+00,1.550314163391360855e+00,1.704025390053140354e+00,2.671326424668968302e-01,1.548398549189158979e+00,1.000000000000000000e+00,5.553527861758298378e-01,5.470307211864154917e-01,1.601796654454384461e+00,2.054225245661180033e+00,1.386230716620984182e+00,1.903517443151885091e+00,2.334848574413554534e+00,7.209569183092523481e-01,1.328976007110853841e+00,1.827310869312110064e+00
5.711817865779995618e-01,8.413349690142385429e-01,7.098799339448816914e-01,2.115703928670003009e+00,1.471860209886648674e+00,1.429491042047299931e+00,2.151979515342108407e+00,2.402607758829471418e+00,2.175337090420876862e+00,1.633031034670025194e+00,1.959158797365272209e+00,1.556430771677519698e-01,1.128356600373945362e+00,5.786154955125784038e-01,1.000000000000000000e+00,8.412552750379314048e-01,1.656152562896403113e+00,2.355013788311922873e+00,1.555669245817774549e+00,1.573061193151798598e+00,2.624529192000689015e+00,6.555317380566555441e-01,5.536252244072712436e-01,1.981262852811402464e+00
4.580808927328097746e-01,6.311781422830265997e-01,6.998900078314682638e-01,1.792897549586615291e+00,1.268548260002618555e+00,1.210883729495252803e+00,1.829199189661507852e+00,1.993891745564247531e+00,1.891343356421878008e+00,1.392872605659691843e+00,1.679671132215443841e+00,1.153478515599244414e-01,1.321602013957556832e+00,4.797147704067356022e-01,7.050931719865365377e-01,1.000000000000000000e+00,1.440690480748441082e+00,2.027513754919503253e+00,1.330541829657696962e+00,1.364122902949726601e+00,2.372038105011910591e+00,3.542840908263356070e-01,4.828501566369951536e-01,1.710715932359480940e+00
3.675001276909044545e-01,3.378345122985894067e-01,3.452090223310487760e-01,1.022557654074045086e+00,7.130447199456265706e-01,6.936028159074809629e-01,1.036608279667678545e+00,9.415891602987769282e-01,1.260885437256459296e+00,8.335516972358825161e-01,9.973251926255354283e-01,1.059641961526339021e-01,7.431783508930120963e-01,4.147102356382270094e-01,4.107067126245285693e-01,4.265493891574980156e-01,1.000000000000000000e+00,1.249451822160084324e+00,8.241668639526638085e-01,9.505242988507124346e-01,1.341030582932039028e+00,3.483925050891322761e-01,5.398079563113844515e-01,1.085988840961609636e+00
2.924027714178293325e-01,2.976503528405115007e-01,2.956253583078222169e-01,8.735894269028631198e-01,6.098452290678881837e-01,5.938862733203711386e-01,8.885348770425700593e-01,9.321696680052911077e-01,9.568090401869381312e-01,6.953372377780254743e-01,8.168049238117659483e-01,8.170563018798519817e-02,5.715460558516428646e-01,3.105073179340340772e-01,3.420727208454852342e-01,3.516334394970983546e-01,7.307263775020398366e-01,1.000000000000000000e+00,6.631507920818447976e-01,7.573839906834483049e-01,1.143234018720185485e+00,2.548913212129680361e-01,3.755488664713379499e-01,8.547937424293051700e-01
4.551629905689096312e-01,4.495480160561635130e-01,4.457834365357499218e-01,1.329119606782671381e+00,9.296809329900246333e-01,9.047679498673542042e-01,1.352507405693124332e+00,1.436201797594570229e+00,1.427882466256736871e+00,1.062052582747699425e+00,1.240645710313220240e+00,1.269705582138716538e-01,8.745152923137684553e-01,4.753627406809654010e-01,5.130297473963296717e-01,5.221087780810900192e-01,1.093497118318725425e+00,1.504275740545277129e+00,1.000000000000000000e+00,1.147904033887571451e+00,1.723390977250060629e+00,3.880899606387293588e-01,5.707569577624638235e-01,1.286987758117332792e+00
2.557856881811510497e-01,1.897677614130457990e-01,2.047191022275298700e-01,6.324961618380896544e-01,4.405991239447580310e-01,4.328098873522936985e-01,6.413222160391968130e-01,7.233481894895713582e-01,6.396071701234908868e-01,4.850200112306140565e-01,6.021799534687480859e-01,3.810607045979389623e-02,4.706361218099543442e-01,2.704213610530187273e-01,2.142867268560725014e-01,2.222986794651820863e-01,5.229558697709200121e-01,7.100310008113732696e-01,4.754429644096906937e-01,1.000000000000000000e+00,1.251517078645081549e+00,-2.525459362463241542e-01,5.236759476947692171e-01,5.871804879798938614e-01
1.465417810310016833e-01,1.465244459431098434e-01,1.525147125908233869e-01,4.430378890637957645e-01,3.109483907134611425e-01,3.018859686711781731e-01,4.489270547555327950e-01,5.267380079156744888e-01,4.201576170878159600e-01,3.552539220739103221e-01,4.253087065297749825e-01,3.734714129077148365e-02,3.950092507038794887e-01,1.509728761184373214e-01,1.623345813498683066e-01,1.744912896536218450e-01,3.340646475464373322e-01,4.858723969471048232e-01,3.237430107189117057e-01,5.675789781815353541e-01,1.000000000000000000e+00,-3.042492441138687498e-02,2.499283646152923311e-01,4.036496137751532931e-01
4.970512684343100784e-02,2.795794130393087357e-02,2.386531018357405595e-02,8.232659843301780300e-02,6.485832516532778758e-02,6.107486687306887263e-02,8.686396838220139527e-02,5.141999711543745327e-02,1.038590336208857212e-01,1.043971098279094373e-01,1.032116070972535632e-01,4.038238871532470742e-02,8.929882808568929964e-02,4.188999419106180511e-02,3.465159696334894901e-02,2.346834618775802545e-02,7.545882302601801539e-02,9.506021491597002604e-02,6.362419513970551943e-02,-8.973900881538093843e-02,-1.965701891538691390e-02,1.000000000000000000e+00,-9.544134634113804472e-02,1.025964082054171972e-01
3.353481754081243937e-01,1.233729204769722088e-01,1.605624779330701579e-01,5.698989336795691196e-01,3.898554741728412210e-01,3.884529231329835741e-01,5.730387646451642336e-01,4.811379519936204718e-01,7.705071280349108376e-01,4.578376835037236692e-01,5.212720031892243977e-01,5.718866765274199099e-02,3.637091580786029343e-01,3.988687803069663751e-01,1.592324797875840359e-01,1.657717887586468986e-01,6.249353882924854053e-01,7.443498026740856810e-01,4.954251273098289610e-01,1.101796884353989370e+00,1.159107417460929712e+00,-5.591411879272779606e-01,1.000000000000000000e+00,6.190761030801451570e-01
3.311195872959867281e-01,3.066719101408243442e-01,3.087124506421972669e-01,9.119216377191164957e-01,6.427590014393145257e-01,6.230386644969554411e-01,9.294875889606487585e-01,7.894390223649009330e-01,1.026846326315913327e+00,9.894622300909090562e-01,9.531343785136424662e-01,3.228237453665079859e-01,1.146208712507647665e+00,3.239781276242206243e-01,3.373174542065475179e-01,3.472430385270929842e-01,7.449053391663323920e-01,1.001441742641098642e+00,6.646852868590533703e-01,7.304712777628045162e-01,1.105251306441717540e+00,3.250910132458267876e-01,3.701476242033549524e-01,1.000000000000000000e+00
0.000000000000000000e+00,1.763124582790851935e+00,1.582420852636484465e+00,3.395609960634176971e+00,3.904906715912119797e+00,3.633131900183717899e+00,3.245174769698420558e+00,1.500334703206927633e+00,3.190805271926008047e+00,1.642521032241136325e+00,1.645566029085912430e+00,-1.752199248889932282e+00,-1.540289958266340076e+00,5.167548346720216568e-01,1.613596014842462623e+00,1.544021331455760260e+00,4.311812070757850002e+00,3.206765168273263633e+00,3.650116229003318669e+00,-4.369092296117664809e-01,-1.651202916721692171e+00,-3.977880215449723922e-01,-8.188146103957794075e-01,3.486549478481429709e+00
1.171451186081613915e+00,0.000000000000000000e+00,4.676805967527897234e-01,9.503392974232441892e-01,2.366190133334304058e+00,2.135741904348231301e+00,7.951376601848536563e-01,-2.177130604072047948e+00,1.083771558434747373e+00,5.812982050431562131e-01,-4.019292361604946406e-01,-1.314737114422744879e+00,-1.342836935435030910e+00,1.253221150049482757e+00,-2.773734919652670050e-01,-2.872517388020505089e-02,2.954302051665547602e+00,5.399570846577242955e-01,1.981055237109584866e+00,-7.185357843907652642e-01,-4.580648938025369432e+00,1.389078689983080928e-01,8.862415059540316165e-01,1.650946900257644456e+00
9.105312408919922218e-01,4.271772200002504349e-01,0.000000000000000000e+00,8.670339494001049196e-01,2.212889615699031864e+00,2.035766908322740765e+00,6.611071456210083630e-01,-1.944348373876632285e+00,7.182661104935101903e-01,3.711679935396549057e-01,-5.473705118947777004e-01,-1.343349950511304458e+00,-2.912570005282622887e+00,9.902479750511231638e-01,2.066840300346046710e-01,-4.861831593495079540e-01,2.660516998668550404e+00,3.435849233735773778e-01,1.862572328012554790e+00,-1.363041275443361622e+00,-5.302354476818718076e+00,4.597685930096606644e-01,2.563754885184796883e-01,1.387605979770657472e+00
2.246966180977181260e-01,1.708916123374621399e-01,1.868572720018244482e-01,0.000000000000000000e+00,1.681349762916061419e+00,1.453739976228563435e+00,-1.594021869192732421e-01,-3.174838189314819203e+00,2.036619418054399222e-01,-3.255073638777863376e-01,-1.316753071916811901e+00,-1.476421780521395721e+00,-2.821082601606316853e+00,4.031208138337839531e-01,-6.741456789421862439e-02,-2.394483953124739162e-01,2.174767891634970418e+00,-3.502709307591886922e-01,1.345670774886413401e+00,-2.194256224394563137e+00,-5.978516483793513636e+00,-2.746064345736520806e-02,-4.690618263611775474e-01,7.648959138987742046e-01
-6.325412017572051848e-01,-4.964291223874140457e-01,-5.241992103437274064e-01,-1.994895540189330907e+00,0.000000000000000000e+00,-6.463905591993489644e-03,-2.301311446336324895e+00,-5.657754324734857398e+00,-1.318006601783587417e+00,-2.303229745948547791e+00,-3.152351131785589455e+00,-1.884386334784535544e+00,-5.661630900563679347e+00,-1.878351354117441252e-01,-6.879807794112979824e-01,-9.324280044394924749e-01,9.449073611914414750e-01,-2.162549231331727828e+00,1.051888735298758953e-01,-3.579070371212240698e+00,-8.205624841374744349e+00,-8.378145674422607936e-01,-1.001085467724378342e+00,-9.542781321133203543e-01
-6.299656270355857846e-01,-5.007413291998968896e-01,-4.987570117412661874e-01,-2.039660841882152020e+00,1.376543243631500602e-01,0.000000000000000000e+00,-2.297369028510539923e+00,-5.666474875122172961e+00,-1.452163632192983611e+00,-2.247382753559577395e+00,-3.194232036744860004e+00,-1.850530769747136928e+00,-4.883949755582626118e+00,-2.501142162967029403e-01,-7.241326203751834445e-01,-9.020332498044062453e-01,8.541804957206117210e-01,-2.272492444024385883e+00,3.622642004083890394e-02,-3.703436463762639796e+00,-8.221025235950046195e+00,-7.888709478573809886e-01,-1.128773529665834108e+00,-1.012054465737454834e+00
2.524422623506095698e-01,2.305527761010637833e-01,2.262515355023609898e-01,1.898147412548733259e-01,1.752667067727504246e+00,1.553381163599963921e+00,0.000000000000000000e+00,-2.946506991289846500e+00,4.130124021835034354e-01,-2.653036892510038380e-01,-1.125049656744188997e+00,-1.492673500978973555e+00,-2.972579103972136760e+00,4.813776616551133092e-01,8.989506945781652186e-03,-1.711649468628982096e-01,2.339186680064347268e+00,-1.301773235633642556e-01,1.490374434733243492e+00,-1.998026760408347036e+00,-5.680735431930487245e+00,-6.490639742198499318e-02,-3.486399494032175195e-01,9.361469011019551978e-01
1.901573270719085773e+00,1.655355475303390111e+00,1.702040901477048118e+00,4.476902909412177500e+00,4.830623700531695874e+00,4.519021014450368412e+00,4.409237615771236740e+00,0.000000000000000000e+00,5.628454100441682151e+00,4.935749096920670098e+00,3.647855724382646159e+00,5.024166198119831561e-01,3.618190927142753477e+00,2.094073936506188005e+00,1.606430567278825272e+00,1.486858947411355825e+00,6.069764815313427597e+00,4.709193942160911917e+00,4.704854521072827644e+00,1.447734765274427682e+00,-5.563925860901468567e-01,1.756013442071807651e+00,1.505625227431485635e+00,6.041357842453271232e+00
1.383736454742375166e+00,1.308887684545894992e+00,1.224185636691744516e+00,3.317364341714825748e+00,4.124982053028411144e+00,3.774951380136105428e+00,3.266264583696166124e+00,3.487784801263126955e+00,0.000000000000000000e+00,2.220578690235415653e+00,1.445024492857257092e+00,-1.361447461296863892e+00,-1.367547565564714018e-01,7.823599010218906802e-01,6.638664027240230858e-01,4.291276297751253632e-01,2.553270470055316377e+00,1.236201140929674924e+00,2.510036153975522488e+00,-4.974258518605520485e-01,-2.804699454354900201e+00,9.100454586953547753e-02,-5.870697979013135281e-01,1.964402422781120316e+00
1.648086091401164799e+00,1.855722723071395963e+00,1.814425789118283783e+00,4.922056900303969584e+00,5.065866970835374516e+00,4.757054376544124885e+00,4.814484800990812552e+00,4.782331184553433978e+00,4.271885308267768799e+00,0.000000000000000000e+00,2.828123102307046999e+00,-4.303713997323623808e+00,-6.401476046956173782e+00,1.874942955318235516e+00,1.786955602051770287e+00,1.623893111909380904e+00,5.617244559883071808e+00,4.780673670789541418e+00,4.768975893241690578e+00,1.898136593122963678e+00,1.439246948555920891e-01,5.588454836902686518e-01,1.210236311711742063e+00,3.859580033783660102e+00
1.455578711778215517e+00,1.448712136462785516e+00,1.425570490024824055e+00,3.744481069228273284e+00,4.330181966239806890e+00,4.017923916576962462e+00,3.679224718194164190e+00,2.625824257739909573e+00,3.198309208187090746e+00,2.395583065579372395e+00,0.000000000000000000e+00,-1.342900809811989227e+00,-1.647982532239057107e+00,1.486825570820754061e+00,1.221156025148719682e+00,1.040887630756320403e+00,4.456332014491317217e+00,3.252391289788122641e+00,3.769562344822532385e+00,4.961973130957375022e-01,-1.831698738457108400e+00,3.570148697453426334e-01,7.511930639032611268e-01,3.340633008795421688e+00
3.667068962771617979e+00,3.516450641730680893e+00,3.473423023236726692e+00,9.887192702227350694e+00,8.676985415800421819e+00,8.220777331328399384e+00,9.934932680856830345e+00,8.802223686316125395e+00,8.799298581242485540e+00,8.212786261836471979e+00,7.826386691449185307e+00,0.000000000000000000e+00,5.336284820895873970e+00,3.419992894707190700e+00,3.343389348428299712e+00,3.208755219101716349e+00,8.819771842609968715e+00,9.358181419900159170e+00,7.854673655558678469e+00,5.281475336098009343e+00,5.613391389028461020e+00,2.443303322875501227e+00,2.722260903455033354e+00,9.465578477783850531e+00
3.368562338120183242e+00,3.316824413642458946e+00,3.232982782924779919e+00,9.227047570927503273e+00,8.154213290956104032e+00,7.748373737430759078e+00,9.244718174214671791e+00,8.590941329820095618e+00,8.222014554567541822e+00,6.497231036167683271e+00,6.988512851679419491e+00,-1.006169173679399176e+00,0.000000000000000000e+00,3.202533296377365613e+00,3.194309672330185812e+00,3.001997408397958811e+00,8.421116409222131338e+00,8.833902959641282138e+00,7.498217098818220627e+00,4.832932458231915085e+00,4.775333504628481052e+00,2.196464120116214946e+00,2.553269867388059389e+00,8.529419602222436225e+00
5.275602036244666504e-01,1.872805997445180282e+00,1.672588805123913724e+00,3.762863003598393874e+00,4.359531849495786204e+00,3.982891361423065213e+00,3.714223226695242630e+00,2.903711163916867122e+00,1.778018694216038975e+00,2.743929031706462851e+00,1.971358583431529476e+00,-1.068030966482178101e+00,-2.246543729446107140e-01,0.000000000000000000e+00,1.443995731252222914e+00,1.338445703024376154e+00,3.342452302026106548e+00,2.332346238564095842e+00,3.113559524874057072e+00,-1.218364055650850375e+00,-2.369622552822967076e+00,-4.824190838403304149e-02,-1.815764537546361579e+00,3.156131383646044508e+00
1.738830292560322954e+00,6.977286906195702132e-01,1.093505196939837498e+00,2.792304876175466521e+00,3.739020517801692201e+00,3.425543785108942085e+00,2.717543698940155572e+00,8.240674387185957794e-01,1.498781954137172079e+00,2.578440522768181253e+00,1.241684318676235854e+00,-6.768606082399567514e-01,1.288047292707054536e+00,1.477705014260260130e+00,0.000000000000000000e+00,3.957984833260709823e-01,3.275582221229319302e+00,1.475383533205591347e+00,2.647362970078487976e+00,2.052716471334945988e-02,-3.169223265130993283e+00,2.219990670480606332e-01,8.666445415372132643e-01,2.773332016788776055e+00
2.177631796584713175e+00,1.483495418099106899e+00,1.220488708186417526e+00,4.109751676988639524e+00,4.587455187886558150e+00,4.317334982758278983e+00,4.039846992290270222e+00,2.455011188447740356e+00,2.699991141150051011e+00,3.566426059852182640e+00,2.399534650683991188e+00,-5.270778501101670566e-01,8.197522258223339797e-01,1.872096311971994442e+00,1.078574517101091645e+00,0.000000000000000000e+00,4.187759728437486118e+00,2.839543417280389725e+00,3.576803801569221619e+00,9.002367956866426102e-01,-2.008602526270677480e+00,1.274710328917386004e+00,1.168001742101053786e+00,3.905340803036667197e+00
4.099463734404867332e-01,5.315294089702929936e-01,4.236194749672562154e-01,8.515928752308262739e-01,2.374156586658395796e+00,2.090317353641949261e+00,7.740607207714670368e-01,5.536699887765264005e-01,-2.340725083380846616e+00,6.909013732647643069e-01,-9.993022432645616293e-01,-1.090315571588309718e+00,-1.488304225109642998e+00,-2.418470324826980100e-01,-2.781480189775201173e-01,-5.517057613160444296e-01,0.000000000000000000e+00,-1.663899462655029859e+00,5.839852999766810271e-01,-3.096784629749198547e+00,-6.215388379364786609e+00,-6.577838305396651597e-01,-2.037159184937680223e+00,-1.744130009492379230e-01
9.154374322553845422e-01,7.269121354550974745e-01,7.029307241474398449e-01,1.698355530129343594e+00,2.958159124609686774e+00,2.652302394422828780e+00,1.605045737372647885e+00,1.404904092020499706e-01,-1.729384543933969176e-01,1.537759768375691838e+00,1.554818217159358029e-01,-9.204993647974641924e-01,-2.813674331295960007e-01,5.102771352669329685e-01,1.439696617490501540e-01,-7.912841360685779479e-02,1.981650981672167022e+00,0.000000000000000000e+00,1.648643617918024162e+00,-1.799334577593697304e+00,-5.082171658315108864e+00,3.094396662850768670e-02,-7.911105997817877711e-01,1.406030086489155950e+00
7.713731229184492277e-02,-1.858664561725546782e-02,-3.197478486634115075e-02,-5.659422506854413504e-01,1.363175303122097892e+00,1.103601488486186000e+00,-7.031547175320983500e-01,-2.416245443357620371e+00,-2.434618033116557889e+00,-2.966223253390520287e-01,-1.945410530695187434e+00,-1.152739960718747181e+00,-1.801611381488503305e+00,-3.175747371166664501e-01,-6.845270000748681083e-01,-8.894967542992289200e-01,2.307560795004301168e-01,-2.457255246323981623e+00,0.000000000000000000e+00,-3.727966164626951073e+00,-7.920509922702001937e+00,-6.326476477179113767e-01,-1.759725539743604683e+00,-7.032450043620673830e-01
2.296767485529097375e+00,2.505151850431154958e+00,2.383349138303459736e+00,6.519209597859936700e+00,6.328614634525253635e+00,5.914973761669708452e+00,6.518892436633808352e+00,5.029646833566116193e+00,5.387423612419920183e+00,5.472056961781212259e+00,4.605787350567113414e+00,-3.584290703191935212e-01,2.573894344135279066e+00,1.983372957283699778e+00,2.207614526224397355e+00,2.031398403759768989e+00,6.046296664957292677e+00,5.592265404276017371e+00,5.333023939807985947e+00,0.000000000000000000e+00,-1.006111382084438288e+00,3.740409037398655823e+00,-4.552528206754678092e-02,6.290383133310532671e+00
2.825810964725617769e+00,2.686212117922413434e+00,2.609889073495318623e+00,7.376349021303914455e+00,6.912569927893594368e+00,6.508416109583781584e+00,7.389801618632153790e+00,5.897392530538102307e+00,6.409110734934702513e+00,6.042505278925070833e+00,5.402365063488518082e+00,-3.663275734873481237e-01,2.845100577775512729e+00,2.564821986100350060e+00,2.429623156894574976e+00,2.227724744950765334e+00,6.935074562093875628e+00,6.618474538609569358e+00,6.029228632144928213e+00,2.097578720565765664e+00,0.000000000000000000e+00,2.579801610567105996e+00,1.317317810202601081e+00,7.128566876929470553e+00
3.524839290683940973e+00,3.437936071252275738e+00,3.404615602996972523e+00,9.653907259666999252e+00,8.494134190927280059e+00,8.048353527851729083e+00,9.689202430023291512e+00,8.717286470522163100e+00,8.507010005140619668e+00,7.776386056544194680e+00,7.530416129741095865e+00,-2.549665479346805985e-01,4.837857912918525294e+00,3.307491963456974826e+00,3.253261273247179730e+00,3.146579941232683364e+00,8.620247382532866709e+00,9.104497318217424251e+00,7.685060986687028084e+00,5.485914505094684479e+00,5.635925594260924321e+00,0.000000000000000000e+00,2.943987962825122651e+00,9.137550898189287452e+00
2.734580658942608711e+00,3.170395237006764511e+00,3.026458923079867080e+00,8.305437081936650756e+00,7.592190412427455293e+00,7.141227560051323309e+00,8.342636419935136161e+00,7.535362503139291235e+00,6.666629831931182082e+00,6.785353168009528702e+00,6.364442688891343458e+00,-3.128776655035068743e-01,4.066886604303264541e+00,2.325759016455136052e+00,2.904866206893708558e+00,2.753107141250357603e+00,7.106040153286613759e+00,7.313290554478061090e+00,6.493905028699544779e+00,2.279258826314920938e+00,2.442601227151922849e+00,3.927222559472451913e+00,0.000000000000000000e+00,7.704314888101798431e+00
5.371737470465577369e-01,6.271173462781698404e-01,5.650452514576369545e-01,1.294136721532085588e+00,2.618289316118280752e+00,2.348612187188629630e+00,1.175201739541626988e+00,1.432424506287745869e+00,-8.787728555325626800e-01,-1.257825208291090346e+00,-1.165526822058489786e+00,-3.187439388856414535e+00,-5.703505111267717531e+00,3.680773572219874779e-01,1.712763149621518988e-01,-5.585404730460345746e-02,1.811385536291391762e+00,-6.438481137222330786e-02,1.600617372077536738e+00,-1.585761095331880366e+00,-4.783465945311310641e+00,-6.413246021210029513e-01,-7.594418610739802622e-01,0.000000000000000000e+00
0.000000000000000000e+00,1.783895891871752193e-94,1.317673503536897771e-113,9.666445365871062759e-226,1.529502887362282412e-253,2.977231110865139597e-253,1.201320561064059498e-239,4.538476658943814074e-111,4.475159164447413718e-114,5.411461214332025908e-128,1.091285033163348477e-146,8.788341556706843271e-11,6.389926588846063954e-19,1.032609870383679313e-286,4.672900003552505090e-65,2.409365554630697523e-48,5.307855883294762884e-139,4.703813520369867276e-154,3.194509796453942579e-174,1.513117640018608500e-112,3.448425461407511766e-59,1.043885225018819209e-04,1.414861855556631809e-80,1.266109058614026230e-177
7.203116158916168518e-91,0.000000000000000000e+00,0.000000000000000000e+00,0.000000000000000000e+00,0.000000000000000000e+00,0.000000000000000000e+00,0.000000000000000000e+00,1.213870209445563499e-249,1.565459587621682046e-189,2.077192960550538792e-132,1.733619540656723363e-229,4.491146522427910101e-05,9.146663767482774325e-13,1.283828249700674232e-69,0.000000000000000000e+00,9.602893317500536990e-203,2.716437852287391509e-194,0.000000000000000000e+00,0.000000000000000000e+00,9.526708200983269716e-80,4.768239702516339518e-107,3.166389898417109835e-04,2.311261494730406049e-11,2.423962131668609077e-277
3.864727503508197759e-121,0.000000000000000000e+00,0.000000000000000000e+00,0.000000000000000000e+00,0.000000000000000000e+00,0.000000000000000000e+00,0.000000000000000000e+00,3.104400565581338579e-232,2.831098368280758652e-210,9.172697762641963760e-139,1.484268882543241871e-237,4.932732794368223058e-05,7.726059592735556770e-22,6.802850579689371248e-97,1.444574485899800131e-232,0.000000000000000000e+00,1.609108781436136034e-225,0.000000000000000000e+00,0.000000000000000000e+00,9.539201681305022356e-102,2.220669318063697394e-128,4.072453855701563610e-03,4.749865087083972001e-21,1.838827185805184098e-310
1.545110827220568452e-227,0.000000000000000000e+00,0.000000000000000000e+00,0.000000000000000000e+00,0.000000000000000000e+00,0.000000000000000000e+00,0.000000000000000000e+00,0.000000000000000000e+00,1.898468204669011884e-254,5.739292740128636891e-169,2.857978508380106112e-316,1.047548465154235374e-05,5.535916958457090658e-21,3.061016300739955182e-169,2.272047482108688204e-316,9.036839853337729280e-233,1.103936003349299161e-284,0.000000000000000000e+00,0.000000000000000000e+00,7.017524135910258135e-131,9.488428834893803849e-141,7.320848395630430352e-04,3.884906926418087570e-41,0.000000000000000000e+00
5.189192989887510529e-248,0.000000000000000000e+00,0.000000000000000000e+00,0.000000000000000000e+00,0.000000000000000000e+00,0.000000000000000000e+00,0.000000000000000000e+00,8.510082419950880237e-309,6.321067470745667886e-220,1.473086376679021705e-178,1.216742761083099990e-283,4.850392078566164053e-06,3.258452317209186002e-23,1.845542099612677969e-161,3.823914605147418936e-272,4.787605793907997832e-206,1.969918844704053939e-247,0.000000000000000000e+00,0.000000000000000000e+00,6.405300902085931942e-125,2.521126033598787745e-117,2.559850805982284185e-04,1.612804761197360053e-32,0.000000000000000000e+00
4.932376745113920503e-252,0.000000000000000000e+00,0.000000000000000000e+00,0.000000000000000000e+00,0.000000000000000000e+00,0.000000000000000000e+00,0.000000000000000000e+00,4.021694357147746870e-321,1.377546361166472423e-233,1.911571859272350098e-180,2.318964448450398155e-306,5.192993025609397520e-06,3.447710393070484805e-18,2.246382745616208002e-179,8.023780152724483941e-291,3.984361542648439879e-218,6.674963222151823432e-277,0.000000000000000000e+00,0.000000000000000000e+00,2.199205530759872097e-140,1.155532462447398163e-134,1.527781720779229624e-04,1.251058258463312415e-40,0.000000000000000000e+00
2.355607759031854064e-224,0.000000000000000000e+00,0.000000000000000000e+00,0.000000000000000000e+00,0.000000000000000000e+00,0.000000000000000000e+00,0.000000000000000000e+00,0.000000000000000000e+00,4.168076499543626244e-246,1.088553139154754012e-179,5.064311205206215723e-311,4.363582537799368391e-06,1.111365453133288932e-21,5.375256281005233135e-179,3.532569367764912791e-321,2.733409996152489704e-238,2.304827231470836636e-267,0.000000000000000000e+00,0.000000000000000000e+00,5.086242064226076801e-136,1.610474762017114804e-144,3.985192993977291131e-04,2.541835422813864129e-38,0.000000000000000000e+00
1.928992351663724738e-114,9.935893118688820349e-264,3.935329921855854241e-228,0.000000000000000000e+00,5.106894726268669666e-318,9.881312916824930884e-324,0.000000000000000000e+00,0.000000000000000000e+00,8.095903559088868533e-51,1.007683510709538232e-39,2.806802795564828480e-96,4.899418004137145056e-04,2.389756109888630312e-02,1.825297185571176608e-63,2.287453531348586509e-147,4.368587203821647999e-110,1.116681480847736772e-74,1.691146724521645908e-153,2.626068634790052122e-157,2.319307435127874305e-77,1.008968663896497435e-90,1.290775634961760510e-01,8.738006021272979797e-12,1.196451142205282161e-73
8.451883710427441914e-116,9.244988274053728036e-184,1.012013246230651283e-203,1.329320035489976234e-253,4.342450800631183397e-216,1.500300575473635830e-237,1.228959241009574908e-249,1.320011616191914420e-41,0.000000000000000000e+00,1.143468961427942754e-96,5.827544725849410336e-163,3.145176660026355018e-06,9.837195442923893069e-10,8.891708088957868745e-225,5.731235841828603065e-264,1.880399324113210480e-209,0.000000000000000000e+00,0.000000000000000000e+00,0.000000000000000000e+00,1.763243675616677414e-123,2.597220215870618981e-99,1.050626877203766229e-04,5.249701362626403551e-66,0.000000000000000000e+00
2.875780073580160400e-128,1.203322838279177314e-125,1.776059630012746265e-137,3.367601583253246619e-172,1.913694350084102472e-167,1.791677216522785336e-172,1.141955393069251150e-173,3.964656260661400938e-34,3.075274112777762627e-102,0.000000000000000000e+00,4.878102460662862330e-130,3.182489220909518160e-226,8.997904756164165887e-125,9.233747030775280103e-64,7.710409570389849041e-79,2.327012462641405409e-68,1.866712789052931925e-84,4.428681786942944714e-110,1.895729153338236301e-111,1.703411605313582712e-40,4.202510841876130816e-50,2.164200385302746585e-05,6.379749115289878518e-15,1.522630558776067968e-274
1.773491906990732731e-150,3.862874413220427597e-227,9.268239262573903848e-222,6.198647448776515643e-307,3.563713536719951916e-285,2.415281931887706448e-306,7.698506823455009207e-312,1.450242100940681412e-98,9.937893399760656631e-174,7.576284571287594636e-136,0.000000000000000000e+00,4.406464871681145005e-08,1.328037642983142006e-28,1.494376833815091064e-112,4.521777826815703069e-177,4.812633912916189762e-141,9.564843435944290987e-192,1.112567685165600690e-244,1.358961540808678284e-251,2.220621539958177366e-98,2.941223378636025256e-104,5.859447702087096626e-05,6.009305366723079695e-29,0.000000000000000000e+00
8.629741352711570258e-11,1.313692467165390666e-04,9.853633028628992882e-05,5.625070458995742889e-05,9.263071621868379613e-06,7.477014407862645466e-06,6.991673724832450733e-06,6.602960644032478121e-04,1.255847661399974356e-06,7.132127385457253125e-214,3.527470399928096977e-08,0.000000000000000000e+00,7.530308936507780618e-82,3.258671786117445322e-03,4.396493969243788630e-02,9.670344396038736690e-02,1.423523351258065665e-02,7.197569962019154458e-03,6.177911501463354688e-03,1.892176331295137015e-01,6.230490082043099037e-02,1.940490677145222803e-02,1.962515747248429476e-01,1.133554283480773193e-33
7.121160744538419164e-18,4.872357523731457579e-13,1.607328267773575004e-22,7.216688259515699438e-21,5.766329407674296750e-23,3.756062741786543679e-23,3.506664448807529225e-20,3.132703493078121959e-02,3.464747417927547886e-12,7.320755746415585674e-132,4.445427491163426970e-30,1.986527252338027095e-78,0.000000000000000000e+00,2.162668006899389422e-11,3.943255415257323267e-06,6.087227664302731948e-10,8.620655600606635371e-09,1.094476683582267382e-09,1.397280427698906900e-10,2.192572729670136944e-06,1.051401734662510551e-10,9.869618424492709874e-02,1.174895164029739897e-02,1.213199088203937343e-46
1.568187669017209030e-294,1.971586148882659996e-76,2.514363856244152298e-98,2.262488050983024425e-181,6.489696459752885090e-160,4.525696878886003817e-181,3.652680574011637950e-177,7.716013763789405600e-59,1.479821053572024711e-224,2.014048214343619734e-66,1.415714908000849732e-125,3.187092503964850197e-03,3.131130146026589918e-11,0.000000000000000000e+00,7.700282199171976109e-76,8.720433254153841526e-60,1.646338128381061520e-259,2.694749374121921950e-244,2.174365941686918971e-258,1.717140963293088550e-160,8.988176573887928290e-80,2.973911089301593119e-04,2.722875270417409237e-158,3.648642720748027836e-201
3.484103040856218465e-68,0.000000000000000000e+00,6.637237980953942002e-241,2.470328229206232721e-323,9.001896276328717626e-285,3.600359414438330921e-298,7.312171558450448854e-322,5.646759264864312604e-143,7.156767579737084352e-266,1.242985856921897964e-77,1.316787420330102712e-177,4.791331334162132055e-02,1.138764239488900626e-06,2.736614626571629776e-85,0.000000000000000000e+00,6.643342562283579246e-199,3.472708225067096163e-275,0.000000000000000000e+00,0.000000000000000000e+00,1.276093389982615127e-85,9.612454366675325635e-101,5.195713275844700106e-05,8.006813536791837387e-16,2.006202152091807171e-266
7.079960076998954215e-47,1.051194674682594731e-203,0.000000000000000000e+00,5.110446592010348726e-237,1.339191039989582470e-225,3.411925041572777642e-227,1.749983326592072904e-238,2.411853560408907923e-107,1.218880415048965245e-214,1.077756810794157489e-63,9.097404776211308689e-143,9.764749471732378505e-02,5.959107644565381589e-10,2.199200242443260847e-60,3.890942055760178069e-192,0.000000000000000000e+00,3.809177130952125279e-221,1.445593239748320842e-294,2.567727267828962312e-286,4.815675349942381073e-71,5.221251893960812114e-108,2.720719488358054605e-02,2.560612716400551076e-12,2.775273369417198715e-217
5.355330176179979220e-133,1.910540066840388703e-197,8.211483617785228614e-211,1.700858051541344072e-288,1.493707326050877460e-256,1.372257199835841421e-271,1.865059217254776312e-277,6.737590977108440695e-69,0.000000000000000000e+00,2.843721734297437320e-87,1.963708137645235157e-189,1.399003122740135815e-02,1.407518191867907741e-10,7.178302512091717681e-255,4.318816868836265410e-270,1.135379417171658266e-227,0.000000000000000000e+00,0.000000000000000000e+00,0.000000000000000000e+00,1.592125296413937221e-145,5.655527893464402691e-104,3.827740957869590443e-04,9.833469868776543989e-85,0.000000000000000000e+00
3.645801279916882323e-148,0.000000000000000000e+00,0.000000000000000000e+00,0.000000000000000000e+00,0.000000000000000000e+00,0.000000000000000000e+00,0.000000000000000000e+00,3.918946085512482075e-152,0.000000000000000000e+00,7.438646313524789077e-114,7.708381754207066101e-238,7.460106538715702458e-03,7.977592353782496327e-11,2.133719218026792553e-243,0.000000000000000000e+00,1.271958182446808007e-300,0.000000000000000000e+00,0.000000000000000000e+00,0.000000000000000000e+00,5.313375208226084787e-176,3.289774816467708013e-156,2.136241576485133705e-04,6.975696349908083470e-66,0.000000000000000000e+00
1.957420581684000985e-175,0.000000000000000000e+00,0.000000000000000000e+00,0.000000000000000000e+00,0.000000000000000000e+00,0.000000000000000000e+00,0.000000000000000000e+00,2.889909244875772174e-160,0.000000000000000000e+00,5.506827693082997644e-110,1.118302903224270495e-239,6.909331655548259232e-03,4.617037337754554536e-11,1.289646205500083011e-260,0.000000000000000000e+00,6.319756734851964511e-286,0.000000000000000000e+00,0.000000000000000000e+00,0.000000000000000000e+00,5.964374665874425445e-173,1.374600989329452684e-141,5.847970394339069506e-04,3.384802714673162444e-69,0.000000000000000000e+00
2.433552217912143967e-108,7.851956077434327032e-74,2.088130767769885963e-99,1.008026203839786879e-141,1.267893401631351133e-130,1.061050098908157754e-132,2.682990785295288806e-132,8.998649051597543851e-75,1.818013755628090485e-120,1.752444870995604789e-40,9.314512592184213929e-99,1.811857582434059089e-01,2.374684532268899194e-06,5.543765963936750570e-155,4.620376585809458098e-86,5.558109947501128260e-69,8.630396996593210729e-149,5.106718244095850257e-173,1.066588895997380850e-179,0.000000000000000000e+00,1.675172718489512507e-287,9.602155704275179213e-03,1.516240412767180077e-196,1.211532448458577566e-120
5.300758620373980224e-62,2.007796930180804602e-105,8.608188680290080699e-132,6.980201259592976548e-131,6.373681024593942928e-121,6.096973738816733386e-132,5.412917995501594360e-138,2.161769056499533919e-91,4.858560192951893755e-75,8.009236044952950289e-50,1.234115702850056253e-109,6.033162038570838437e-02,4.892382767491766749e-11,2.947576736694946577e-84,1.832642210556831614e-87,8.560078570911567664e-102,3.602063751268512392e-106,7.481196957674215507e-131,6.893834524498436308e-141,1.792135825790437099e-280,0.000000000000000000e+00,3.281961906098433968e-01,3.504659560643471551e-73,3.887382375391173893e-109
1.976450996483110827e-05,4.581278652959627166e-04,4.435766456946894226e-03,7.714547529355132846e-04,1.997439686142449928e-04,1.832225732488958908e-04,3.872337813057066119e-04,1.480510429219805690e-01,1.272996582504184895e-04,4.841910942503650805e-05,5.386222637904398302e-05,2.787500891482219689e-02,1.042262574498477590e-01,3.748531311775567428e-04,5.875412677145145697e-05,2.499599547587183848e-02,3.730020634021946179e-04,2.206461783312411464e-04,3.552285037666962401e-04,1.286147302677769812e-02,3.386933516665766586e-01,0.000000000000000000e+00,3.646729577772295748e-03,5.018569862724644999e-06
8.078332487232120963e-84,5.076608532114863652e-12,1.354257062231977695e-20,7.771607896199745030e-36,9.977255687798523774e-37,2.948675890923397662e-39,1.507473365280650415e-39,8.733320064540016642e-12,5.524576879634977906e-70,1.159525433108992497e-14,1.087459906101327897e-26,1.828800496275945486e-01,1.106735215814240447e-02,2.509495291963472308e-162,3.839619364516228413e-17,1.273859068431677206e-11,1.319915181283871822e-86,2.015142451306461887e-69,1.554836107604832028e-67,1.354299618672581059e-197,1.913262245984289684e-68,4.171768429772257890e-04,0.000000000000000000e+00,4.702392760698008859e-52
4.662811524353463648e-179,1.020016530769838296e-275,3.551227942301386661e-307,0.000000000000000000e+00,0.000000000000000000e+00,0.000000000000000000e+00,0.000000000000000000e+00,4.675390085035770571e-72,0.000000000000000000e+00,2.804756941531842906e-280,0.000000000000000000e+00,2.614183480649280267e-34,2.261286394929819717e-44,2.350445184231657652e-201,5.695811343777900993e-271,1.933314973936072013e-207,0.000000000000000000e+00,0.000000000000000000e+00,0.000000000000000000e+00,4.857146730992823973e-117,7.855835437161083144e-110,6.445114400626234394e-06,2.334422912039184748e-52,0.000000000000000000e+00
1.000000000000000000e+00,5.798831023490957914e-01,6.375736533788453064e-01,7.842725094337212877e-01,8.020148105490232382e-01,8.078318039146448193e-01,7.917030683453467610e-01,6.295631452416898810e-01,6.274086674855438028e-01,6.602027162974152263e-01,6.876592713725235839e-01,2.485474242561799552e-01,3.141005671942940780e-01,8.511306626867548575e-01,5.182414548054656844e-01,4.569279095919807632e-01,6.722818219750034130e-01,7.022710724906855440e-01,7.236982710942824193e-01,6.330741124643427531e-01,5.404042394558312701e-01,1.958638698535068723e-01,5.694994049232394717e-01,7.319017077109832847e-01
5.804529707796091120e-01,1.000000000000000000e+00,8.713259594192704904e-01,9.272304011957730463e-01,9.106482782349802907e-01,9.192035186354493570e-01,9.270061476563713487e-01,8.104520891449570330e-01,7.410189221862156783e-01,6.604304951263928469e-01,7.860549382039804245e-01,1.547629103999801081e-01,2.611521950801082292e-01,5.437791873661343978e-01,9.308257910980008987e-01,7.622037589380870060e-01,7.508586013578466556e-01,8.632698486709480257e-01,8.662829823772063564e-01,5.694673448719141939e-01,6.520920639280619602e-01,1.358539506469388647e-01,2.524260769075100663e-01,8.225928777168522998e-01
6.376086360615070836e-01,8.715769400440582793e-01,1.000000000000000000e+00,9.288340302611899357e-01,9.255733326182168375e-01,9.268986023383604111e-01,9.336044759256764136e-01,7.876957792460159702e-01,7.698425817472346333e-01,6.734572599588007913e-01,7.934180300098800931e-01,1.569711887527828753e-01,3.228272412654728529e-01,6.051578760109298516e-01,8.008519477497501038e-01,8.634512599851599246e-01,7.826385865140721432e-01,8.760797211996866896e-01,8.768519769203337866e-01,6.253850649913729187e-01,6.899933570173892861e-01,1.157329285852057715e-01,3.370187065069993326e-01,8.437290036923691394e-01
7.836831007586276820e-01,9.272393778602066039e-01,9.287030434583142258e-01,1.000000000000000000e+00,9.842405798506455028e-01,9.964702826374867151e-01,9.982468116052265472e-01,8.606739111106423978e-01,8.049263393212298112e-01,7.217621226331016882e-01,8.506895425480271999e-01,1.713591943524289118e-01,3.136650950851466169e-01,7.375276009034010816e-01,8.548292408202431414e-01,7.911600468347249615e-01,8.295809089725777463e-01,9.269318936212007642e-01,9.354705684924862208e-01,6.927969145543685370e-01,7.221671184950736455e-01,1.428967434526467184e-01,4.290242030168116560e-01,8.929811570082941685e-01
8.019200285581101761e-01,9.108656810146747995e-01,9.254970064430766419e-01,9.843144568125161697e-01,1.000000000000000000e+00,9.923790258740990966e-01,9.912489385661876762e-01,8.509370598742924674e-01,7.748056029017121871e-01,7.302810315444469014e-01,8.371279527898667361e-01,1.838105902077043496e-01,3.490874688226624500e-01,7.234464267705480456e-01,8.268272357134019979e-01,7.777397334592545119e-01,8.043914374845317905e-01,9.004595118846815405e-01,9.115439907009188492e-01,6.699420808153715434e-01,7.035204750541184104e-01,1.544215581650904834e-01,4.090118388164084573e-01,8.762365759660656339e-01
8.082503282928865662e-01,9.192138984872549878e-01,9.271301926302816243e-01,9.964628884386508290e-01,9.923522407978812021e-01,1.000000000000000000e+00,9.992838195733440010e-01,8.582205185853052365e-01,7.934067707743449605e-01,7.324808237868026817e-01,8.471732320023511731e-01,1.821935849518030448e-01,3.268450081095178872e-01,7.417975660662692317e-01,8.416248936505222877e-01,7.789854205119509656e-01,8.203061257538957207e-01,9.167726735005041760e-01,9.279563554291861971e-01,6.866869810773603700e-01,7.122971156815243177e-01,1.548072662940370436e-01,4.269244618815642989e-01,8.889743116426342961e-01
7.909022351965396824e-01,9.267204277176571692e-01,9.336277928340337429e-01,9.982388483828780190e-01,9.912362037528846814e-01,9.992856337616627949e-01,1.000000000000000000e+00,8.600006115875578061e-01,7.980650227046902634e-01,7.286244796919033595e-01,8.482783601927958994e-01,1.766759670444854879e-01,3.250038369712061059e-01,7.325361679713369156e-01,8.507702832993767617e-01,7.898485200851537158e-01,8.231412112795791769e-01,9.215449284174761502e-01,9.312708134875855581e-01,6.855464479126287536e-01,7.159669203218202993e-01,1.462344015892328430e-01,4.191749307057507923e-01,8.903912816782321160e-01
6.301491011771094275e-01,8.110577278810635615e-01,7.875020337781201141e-01,8.610713086212817835e-01,8.513881349200927984e-01,8.581184738798295353e-01,8.600010771084811712e-01,1.000000000000000000e+00,4.653323348342418564e-01,4.211258159039402149e-01,6.096363837673032249e-01,-1.355605626318463486e-01,9.024829582427085217e-02,5.095781890320683072e-01,6.855371994014997084e-01,6.220754642914415600e-01,5.383902655994640130e-01,6.983415955741978376e-01,7.135882538598782299e-01,5.591175675701157699e-01,6.052719090838599714e-01,6.140840206564532333e-02,2.565717043691841392e-01,5.465795530218940934e-01
6.282668984135415524e-01,7.405741298643793158e-01,7.702184647169181275e-01,8.047904999784519786e-01,7.750097157614654897e-01,7.928236480044534851e-01,7.980803255823536446e-01,4.651453852517307141e-01,1.000000000000000000e+00,6.081883805925659692e-01,7.187032098405788938e-01,1.898530488837984198e-01,2.511006069424271958e-01,7.835138242192317692e-01,8.150833093355769332e-01,7.736435723412665721e-01,9.483647714626861625e-01,9.406006792135450656e-01,9.321655498497662951e-01,6.484935872760366760e-01,6.356056767373925442e-01,1.629687798758792661e-01,5.390605464950462000e-01,9.328134970628715328e-01
6.596703949351001572e-01,6.613882463450334592e-01,6.736218097977618724e-01,7.219999311404136089e-01,7.302831730862389126e-01,7.327610978849727896e-01,7.281278786532038305e-01,4.198450651922924770e-01,6.081806709518567944e-01,1.000000000000000000e+00,6.682108320246965549e-01,7.786193711563562658e-01,6.578826786161935392e-01,5.447463603266088361e-01,5.614692118448642022e-01,5.231362557382642775e-01,5.745050668197962951e-01,6.284315751034298403e-01,6.374437634841481071e-01,4.513516688091847029e-01,4.906843203792561336e-01,1.545799785554587136e-01,2.915568968736720890e-01,8.253233667649180205e-01
6.887867218863146235e-01,7.855062059903724636e-01,7.936845266942478272e-01,8.504168877376262481e-01,8.375354914158977815e-01,8.479034747935592087e-01,8.478129970895091905e-01,6.110338844142899628e-01,7.175683376588959383e-01,6.681897267218421810e-01,1.000000000000000000e+00,2.119386566645475867e-01,3.665207942002144947e-01,6.477303528091344909e-01,7.293151501975869699e-01,6.828923948987514203e-01,7.464186682855128430e-01,7.990702155615200253e-01,8.048258441463722601e-01,6.072501061341513129e-01,6.370026318990230640e-01,1.645820724288667714e-01,3.626850567006277282e-01,8.606539496327273442e-01
2.470096968031037232e-01,1.539680384079988307e-01,1.550990043261601392e-01,1.714476783988894137e-01,1.823502479290634581e-01,1.814228818072326499e-01,1.770217540125704758e-01,-1.353729914878594731e-01,1.898984446579576046e-01,7.782082392805872439e-01,2.116225006030814648e-01,1.000000000000000000e+00,5.487969893555332268e-01,1.396994287465336826e-01,7.956912660782547442e-02,6.502692238298267424e-02,1.086050552200525793e-01,1.124508257392126953e-01,1.137708237837463526e-01,5.256532959372495900e-02,7.664292523613065733e-02,9.493104215325502693e-02,5.263056581424498115e-02,4.058392510685515098e-01
3.148867378818341889e-01,2.597109790556623721e-01,3.231313075488583264e-01,3.151159483175895448e-01,3.483206441548168386e-01,3.282785601132664488e-01,3.221218269353404717e-01,8.882902823766249123e-02,2.501064200084769373e-01,6.568450877988911696e-01,3.674442926992735337e-01,5.488122925097150828e-01,1.000000000000000000e+00,2.520299634639833752e-01,1.780931268532149891e-01,2.290883367661063763e-01,2.368111437045280765e-01,2.384642078100339124e-01,2.436306104517301230e-01,2.012036125984539847e-01,2.523706965796509438e-01,6.203632662948746490e-02,1.082146559855755169e-01,4.399538958704858893e-01
8.517484871898768350e-01,5.422843880464939259e-01,6.055181021755483561e-01,7.371626845456067390e-01,7.238725340465570479e-01,7.422091761171540902e-01,7.322016966813386096e-01,5.083037266246825947e-01,7.837075301449526465e-01,5.444858111146272384e-01,6.481101223167560210e-01,1.410486551307019720e-01,2.504998803937790730e-01,1.000000000000000000e+00,5.668246428326650932e-01,5.114679696617707716e-01,8.147030544778067762e-01,7.992528886461899296e-01,8.119624777016961614e-01,7.173442496591990736e-01,5.926208703512979570e-01,1.702743690246641128e-01,7.275773232372080290e-01,7.693213372419921425e-01
5.207747094534113108e-01,9.307239619899059235e-01,8.012023211160667069e-01,8.546622810246936597e-01,8.271530906660953253e-01,8.410186566005367625e-01,8.505255985506724459e-01,6.858216472678074771e-01,8.151451359489447768e-01,5.606640879540214506e-01,7.296569782142734439e-01,8.068741966983419833e-02,1.788697755673314682e-01,5.656374674188552332e-01,1.000000000000000000e+00,7.698520927848915285e-01,8.247338156295832556e-01,8.971992805748956190e-01,8.930035849442723439e-01,5.803675907240981591e-01,6.525596053640667638e-01,1.504322997160233988e-01,2.967420011166318483e-01,8.177575412111814934e-01
4.566627123959024481e-01,7.628301939543875587e-01,8.629231199517757300e-01,7.914989878202597362e-01,7.785508444167147379e-01,7.793277898069703724e-01,7.898035599387360772e-01,6.224299534313970650e-01,7.738231295535483723e-01,5.231884016532255544e-01,6.841167299736646834e-01,6.525886174515922733e-02,2.287907445109984561e-01,5.134336240681074415e-01,7.702336451669850037e-01,1.000000000000000000e+00,7.834308636266825721e-01,8.442446639734855207e-01,8.337727212048963166e-01,5.509287332439259943e-01,6.438419765219121071e-01,9.009769540854985215e-02,2.824956573265735016e-01,7.706966572812072869e-01
6.727078327522985068e-01,7.510318143656755652e-01,7.826858884548917317e-01,8.297359858783595055e-01,8.049501046200502330e-01,8.192479770135314698e-01,8.230250347954237711e-01,5.388342415276151653e-01,9.482609810754873969e-01,5.750064028188589527e-01,7.458889985839455283e-01,1.101299019539204033e-01,2.363104768681031642e-01,8.152896475124387088e-01,8.240339469093964642e-01,7.836472856587345381e-01,1.000000000000000000e+00,9.554618877672974575e-01,9.492312906840354447e-01,7.050912136213354220e-01,6.686889831289706265e-01,1.607389703484341514e-01,5.799709844290582561e-01,8.989820034278768190e-01
7.010901308684384103e-01,8.638694522529772879e-01,8.758623159213000386e-01,9.266326053539402086e-01,8.999617581568017943e-01,9.170459801105312891e-01,9.216501147464256638e-01,6.975200522487152721e-01,9.406673349550261909e-01,6.285054798774318829e-01,7.985449871270426936e-01,1.111425746181660124e-01,2.377315475284717816e-01,7.980881358850593355e-01,8.972173240594947252e-01,8.442686003158608177e-01,9.553996295798402594e-01,1.000000000000000000e+00,9.987567207148253523e-01,7.336664471460888626e-01,7.452804292075595471e-01,1.557752341904195537e-01,5.281078549065066907e-01,9.252420575908898437e-01
7.240292685870294287e-01,8.664376001614316758e-01,8.768452472004459874e-01,9.357850659694890716e-01,9.111543271995834470e-01,9.279500203458123098e-01,9.312376163018913910e-01,7.136265535040368091e-01,9.321740490330530093e-01,6.370124109313611838e-01,8.050009727831873851e-01,1.145127353597226172e-01,2.418844983238931656e-01,8.115521275636271570e-01,8.930382782800707631e-01,8.336320826924524807e-01,9.491851136415696555e-01,9.987604725234617842e-01,1.000000000000000000e+00,7.376071949352263069e-01,7.454552847481326072e-01,1.565267216043954857e-01,5.327106199544746623e-01,9.248780046377249597e-01
6.324658850326583259e-01,5.691560843458081109e-01,6.262695278374761365e-01,6.922285112165942333e-01,6.708244144786437158e-01,6.883810345087065796e-01,6.858057810406226196e-01,5.590737496628233050e-01,6.494346670332550309e-01,4.513339126974765803e-01,6.074292255748511282e-01,5.319421035255612190e-02,2.016520416727568266e-01,7.176441402349976739e-01,5.802165011762469016e-01,5.510548074918865114e-01,7.051255780150277319e-01,7.333629417681579721e-01,7.389863420683348005e-01,1.000000000000000000e+00,8.423295840530519163e-01,-1.509829963584586598e-01,7.600265628009313934e-01,6.548706982289816958e-01
5.381687359322461228e-01,6.515537536970379406e-01,6.916802989312091920e-01,7.204054284113690088e-01,7.034390552878329039e-01,7.139384276588141010e-01,7.146884583772078470e-01,6.048132530636243231e-01,6.334494494218620986e-01,4.910829426699704903e-01,6.370759120980378221e-01,7.779352932040568824e-02,2.519873642365969557e-01,5.930594914764037995e-01,6.523287890992783833e-01,6.428955241132644494e-01,6.682940185258904320e-01,7.451847445286700067e-01,7.467520075091402809e-01,8.421133687578077343e-01,1.000000000000000000e+00,-2.515350399248682950e-02,5.380165231503377665e-01,6.678674184714655793e-01
1.935425811126788576e-01,1.331122251717778149e-01,1.148759993402735380e-01,1.416960173915306209e-01,1.548895204442336526e-01,1.528012902385108562e-01,1.464580560408170751e-01,6.051510602409070766e-02,1.652883166588033359e-01,1.536837997921298160e-01,1.641089485643746071e-01,9.105667715302817600e-02,6.059972921584511063e-02,1.734130057075861653e-01,1.490615433068837314e-01,9.151891463798123016e-02,1.612463370980196653e-01,1.536755099365657018e-01,1.558119446733477187e-01,-1.478647276309694447e-01,-2.379476696526422116e-02,1.000000000000000000e+00,-2.270456403395766931e-01,1.807823311306993586e-01
5.701641351149641102e-01,2.538991915437849856e-01,3.377032770584959542e-01,4.291373057860275453e-01,4.088067557232620275e-01,4.272216317834303112e-01,4.213933377800962443e-01,2.563734234533563416e-01,5.387464620511059898e-01,2.932491028860205740e-01,3.629866932495771636e-01,5.489080838277253516e-02,1.070262386443148750e-01,7.278965500765469665e-01,2.962091230607947212e-01,2.829621230304547042e-01,5.808724114718968323e-01,5.286285771286285406e-01,5.316207471127984974e-01,7.588876971205024136e-01,5.374362740538608518e-01,-2.338603295938177784e-01,1.000000000000000000e+00,4.777554783662882887e-01
7.315964912614972837e-01,8.219748373372181005e-01,8.441431561324711508e-01,8.931068421129627621e-01,8.762539969740273937e-01,8.889096776784570775e-01,8.908310187862769070e-01,5.455451141009854954e-01,9.328341193484123162e-01,8.247549101706987962e-01,8.606172034453011266e-01,4.060255529204235270e-01,4.403603388390596729e-01,7.689150237767394813e-01,8.178753795918172198e-01,7.708695932900944126e-01,8.988524258660796074e-01,9.251650888984598309e-01,9.247331167862040679e-01,6.541842915172382256e-01,6.673021260202475213e-01,1.815660149706357918e-01,4.807260310478012610e-01,1.000000000000000000e+00
1.000000000000000000e+00,3.366162285577254942e-01,4.068343929163901196e-01,6.152003241118920718e-01,6.433256340620683300e-01,6.526909798921504136e-01,6.269062269463587800e-01,3.966375160229695385e-01,3.939492458839272127e-01,4.361983706992106358e-01,4.731332099616880060e-01,6.277407224618282433e-02,9.927791155233844922e-02,7.245646523527411453e-01,2.690487778811200825e-01,2.093230338496501752e-01,4.522474209345988538e-01,4.933964895877055445e-01,5.239294244760738239e-01,4.011157506510332205e-01,2.928530081008411945e-01,4.008824076271482600e-02,3.247927288049552996e-01,5.358759853315808730e-01
3.372762452477190420e-01,1.000000000000000000e+00,7.592635312094484501e-01,8.597744191289671267e-01,8.293095083746080398e-01,8.449578184059692854e-01,8.593578915301892662e-01,6.569398670816221086e-01,5.492767576035174626e-01,4.364462210662778952e-01,6.180341455493771896e-01,2.475645648834487803e-02,6.891016849601866445e-02,2.961491558244930267e-01,8.664531226221834359e-01,5.811075141811610223e-01,5.639629547741117355e-01,7.452919541597687880e-01,7.505025595086347590e-01,3.248359557492817018e-01,4.259997762907267171e-01,1.926619209403767144e-02,6.449141150757398133e-02,6.767482975424430336e-01
4.068300036904232697e-01,7.597024329227980433e-01,1.000000000000000000e+00,8.627464568579809034e-01,8.567031614964106812e-01,8.591582924059451010e-01,8.716308647946671151e-01,6.205868573287184331e-01,5.928148132505967061e-01,4.537685126954708048e-01,6.296313971350819827e-01,2.542631515690747801e-02,1.047982555106499319e-01,3.666308808159838839e-01,6.415069245642444073e-01,7.456049002685236626e-01,6.126819186627240343e-01,7.675866981457452054e-01,7.689293326595272315e-01,3.916313268187277541e-01,4.767330911241729474e-01,1.440458381873790938e-02,1.143717325069967816e-01,7.119509936605147304e-01
6.142772419523216954e-01,8.597900617055154182e-01,8.625025918388012913e-01,1.000000000000000000e+00,9.687324585946419653e-01,9.929530737446675692e-01,9.964967116065599484e-01,7.408290694964035916e-01,6.480173425123531006e-01,5.211593655660524682e-01,7.237381910438080990e-01,3.021091202962899666e-02,9.896985564812749159e-02,5.441864845086299418e-01,7.308010867980846426e-01,6.260444330113913436e-01,6.882841976884820356e-01,8.592256362906731670e-01,8.751240201779988404e-01,4.803218111046274053e-01,5.221855342390074872e-01,2.161536106818230316e-02,1.846499540153120344e-01,7.974537952000793073e-01
6.431756261757407556e-01,8.297060379085792192e-01,8.565627898862200329e-01,9.688779832193687991e-01,1.000000000000000000e+00,9.848174749615458134e-01,9.825759150455101176e-01,7.241680921061651732e-01,6.004511416122093603e-01,5.335403674474972213e-01,7.008817841060761555e-01,3.469100691179358847e-02,1.224678578008091823e-01,5.236298396618710438e-01,6.837284338347269230e-01,6.050015928713536884e-01,6.471476917312801724e-01,8.108614518267760474e-01,8.309421527168993071e-01,4.491773224598542003e-01,4.956193647501520583e-01,2.511446422416694843e-02,1.679180611713598781e-01,7.678402912817388071e-01
6.533687483806582819e-01,8.449745610182047839e-01,8.595858442922790221e-01,9.929383371219341337e-01,9.847643260550065225e-01,1.000000000000000000e+00,9.985681540924061794e-01,7.366117997073556856e-01,6.295967512393199073e-01,5.367265661203253213e-01,7.177795482706141872e-01,3.409585121708088445e-02,1.073877180053141867e-01,5.505014319279992741e-01,7.084103271934321100e-01,6.069355097682579414e-01,6.729833852939139938e-01,8.404991995582306030e-01,8.611253637964405572e-01,4.719047959869317466e-01,5.080827406636855281e-01,2.518162885781023014e-02,1.828752792679038397e-01,7.903151992406792781e-01
6.256389389691645597e-01,8.588298674014551715e-01,8.716738639308725389e-01,9.964808125918368509e-01,9.825506589035080118e-01,9.985717799104532055e-01,1.000000000000000000e+00,7.396635633508152896e-01,6.370193853607065693e-01,5.310774119722933007e-01,7.196532592936021322e-01,3.205376321028780007e-02,1.062238826371028205e-01,5.368206150369911889e-01,7.238818707311334144e-01,6.239682827178911761e-01,6.776464608449423999e-01,8.492688346929314624e-01,8.672871241729238623e-01,4.703360472032653838e-01,5.132727609686784653e-01,2.253838476979135377e-02,1.762715900205120978e-01,7.928349056593317901e-01
3.974008757872806163e-01,6.579069408247888440e-01,6.202832981858266148e-01,7.415088906166268368e-01,7.249296903443216422e-01,7.364383739644513316e-01,7.396680541467067771e-01,1.000000000000000000e+00,2.170303716566316932e-01,1.778937952292108382e-01,3.720959981203456612e-01,1.917026614937925033e-02,9.008000322251193126e-03,2.601058789703656338e-01,4.702290817890702468e-01,3.873334767511107390e-01,2.902431478878184645e-01,4.879287953000380762e-01,5.094349148104369007e-01,3.130987256188451084e-01,3.669926138390734449e-01,4.709514132001699216e-03,6.660563970424905611e-02,2.991905921288718351e-01
3.949892735216028461e-01,5.486070937326181784e-01,5.933971774820983036e-01,6.477916606594160687e-01,6.007685344428761454e-01,6.286802282240928630e-01,6.370399757132886309e-01,2.169195562235501640e-01,1.000000000000000000e+00,3.702975923402263558e-01,5.167306802037999747e-01,3.704332501097851865e-02,6.373972580514095099e-02,6.140143510881966860e-01,6.644510700992386498e-01,5.986710865252051761e-01,8.994045685550338121e-01,8.847422330705333460e-01,8.689487214007692861e-01,4.209065832360308623e-01,4.047810815228128356e-01,2.798453290071878374e-02,2.911304390870039782e-01,8.701587296174985164e-01
4.354708624195763322e-01,4.377215946273345093e-01,4.540030212048555280e-01,5.215013036691391601e-01,5.335457381495101181e-01,5.371478087105869825e-01,5.303809282780718171e-01,1.768616698724595204e-01,3.702511031674537434e-01,1.000000000000000000e+00,4.468162465989807819e-01,6.063701848494740254e-01,4.330540097524572252e-01,2.976005264292067021e-01,3.156363459919233616e-01,2.741271168980654593e-01,3.305540463635605608e-01,3.953189563619085578e-01,4.066948071829690203e-01,2.045946864286661282e-01,2.415770251025364523e-01,2.459730866031342028e-02,8.613311507839541137e-02,6.812512043251142124e-01
4.746624454492279210e-01,6.171550188715519969e-01,6.300579381366225862e-01,7.232840963625117858e-01,7.015576241525655066e-01,7.190190328357746186e-01,7.188632383927517910e-01,3.738362538063950136e-01,5.151056810926333274e-01,4.467797840734654136e-01,1.000000000000000000e+00,4.586271106574461853e-02,1.349037838216590179e-01,4.199085707993572281e-01,5.321268096445593843e-01,4.665990826484671117e-01,5.573283974352133407e-01,6.386377187639394881e-01,6.478721220431813421e-01,3.691839346160272206e-01,4.063268425708750908e-01,2.816941977904329972e-02,1.321743552204483474e-01,7.407739830029103079e-01
6.193493704786495052e-02,2.449623525066159727e-02,2.485801530534750489e-02,3.028132246417615178e-02,3.412361742239366363e-02,3.374961228467216606e-02,3.212561514911272537e-02,1.910431629153701641e-02,3.699785996450299236e-02,6.057196557080449795e-01,4.565030444608340898e-02,1.000000000000000000e+00,3.014827439345624249e-01,2.101127137848088355e-02,7.175059547221598888e-03,5.010229547304912920e-03,1.300938352004041981e-02,1.360093856637375857e-02,1.387104812789688793e-02,3.968995897849839083e-03,6.822502648210838558e-03,9.803193194117485951e-03,4.148027218554906255e-03,1.653649539400599833e-01
9.980553111523404741e-02,6.818915202676278930e-02,1.049571811596073240e-01,9.989467181321774747e-02,1.218973984492672247e-01,1.083881618717873335e-01,1.043859808860469890e-01,8.796935298318347973e-03,6.330379007644225398e-02,4.316937149927662642e-01,1.356357201271243262e-01,3.015411849392424237e-01,1.000000000000000000e+00,6.447367441862117410e-02,3.249700948988461929e-02,5.319901002284573022e-02,5.685534300339314950e-02,5.766269263041665788e-02,6.004693596102267383e-02,4.150666325352148772e-02,6.456851746178809970e-02,4.501977168503028259e-03,1.275567033050170260e-02,1.940661938609963555e-01
7.256021382046570212e-01,2.945408634335515141e-01,3.670879308274626607e-01,5.436192274254673107e-01,5.242391888013560042e-01,5.510913723660825214e-01,5.363445818712010427e-01,2.587894079229681177e-01,6.143130568635087885e-01,2.972900074892707578e-01,4.203811675598221331e-01,2.124403327415902085e-02,6.370039520054056326e-02,1.000000000000000000e+00,3.216874158099181091e-01,2.621552912458938178e-01,6.638556666031255604e-01,6.389164624505588863e-01,6.593826544548681001e-01,5.149506258265401648e-01,3.519999671702159216e-01,3.085627995294604881e-02,5.297798208156748734e-01,5.920661757847363038e-01
2.716296400037875314e-01,8.662631138321108537e-01,6.420668716453376001e-01,7.305126108167270260e-01,6.842644404784653522e-01,7.073939376800385537e-01,7.234579177214623957e-01,4.706693907368235119e-01,6.645500975780676001e-01,3.147110671087087752e-01,5.326368918111666906e-01,7.425667485711764590e-03,3.269627128291002077e-02,3.203495445274460729e-01,1.000000000000000000e+00,5.928606409571309799e-01,6.802749160051841937e-01,8.049988042792074472e-01,7.974891531771394204e-01,3.373129702111394845e-01,4.267324659171390366e-01,2.335476853674789410e-02,8.881283511850561474e-02,6.688268909245521643e-01
2.090640080765953090e-01,5.820684903362740581e-01,7.446901735291180380e-01,6.265783971395120222e-01,6.062631564188579736e-01,6.074708636226763270e-01,6.239026704630248332e-01,3.877347941842188561e-01,5.989673834678295172e-01,2.741714076875764183e-01,4.682721451858776196e-01,5.042139123155747922e-03,5.305773062701997500e-02,2.641745232020544787e-01,5.934529303403560663e-01,1.000000000000000000e+00,6.139294815859791532e-01,7.128440829042339555e-01,6.952697553011306653e-01,3.042837221214397259e-01,4.153769675176627874e-01,9.064537450948043779e-03,8.072541760011703316e-02,5.941102174093049193e-01
4.527878390510121087e-01,5.642080209349522590e-01,6.127602381682835109e-01,6.885450410597386828e-01,6.480435607218060223e-01,6.712573588882054798e-01,6.774560989648878984e-01,2.907288537523292082e-01,8.992081033618601893e-01,3.310920650046585978e-01,5.565402067490451410e-01,1.323463048351617051e-02,5.659737795426560136e-02,6.648261105822418360e-01,6.791228976368496317e-01,6.142656511512738504e-01,1.000000000000000000e+00,9.129141922126279285e-01,9.010486680030420636e-01,4.974815719174900397e-01,4.481202516641053513e-01,2.729235510700173464e-02,3.368607104677266428e-01,8.082129710228168618e-01
4.917575817376541036e-01,7.463278588823678561e-01,7.672045866987713403e-01,8.586703584156835101e-01,8.099662097518663950e-01,8.410001171326658698e-01,8.494638043814183304e-01,4.867916018038406234e-01,8.848692049819647520e-01,3.953590761845785506e-01,6.378044955069710475e-01,1.330200796824147075e-02,5.726687414069178694e-02,6.370493849906999628e-01,8.050316860809185737e-01,7.128767637451639549e-01,9.127950924721075499e-01,1.000000000000000000e+00,9.975149942176819717e-01,5.385485824017898215e-01,5.562356874337075485e-01,2.563248799260236035e-02,2.793731106211882476e-01,8.560914586723760156e-01
5.244081010074950200e-01,7.507638225683799238e-01,7.689194103456968854e-01,8.757110636051257391e-01,8.302361190505986865e-01,8.611120455920748817e-01,8.672251603613797544e-01,5.094967406736189419e-01,8.689643363124230913e-01,4.061377116840532153e-01,6.481556199987719147e-01,1.404950458566090084e-02,5.926638959834769349e-02,6.587109149398674424e-01,7.975497911823012931e-01,6.950421577844836385e-01,9.009603357621488451e-01,9.975224881550414091e-01,1.000000000000000000e+00,5.443309181343518599e-01,5.565758148846540188e-01,2.590004872337642317e-02,2.842619419780497703e-01,8.554178884569980656e-01
4.003612863618496998e-01,3.245166976306275708e-01,3.927478049555078177e-01,4.795374453059775277e-01,4.503688461276518784e-01,4.742315255117816597e-01,4.706662077466334804e-01,3.130799484241562070e-01,4.221485069309768856e-01,2.045390631767537992e-01,3.694209772529179481e-01,3.999110066964914681e-03,4.165443406943352550e-02,5.153528455763857208e-01,3.371356941725772161e-01,3.044006206583129148e-01,4.975506759839541382e-01,5.380845826889145700e-01,5.463504325629464642e-01,1.000000000000000000e+00,7.096781413205296429e-01,2.550120511352106656e-02,5.779044830235678942e-01,4.293027244562978573e-01
2.904111823794061076e-01,4.252724913054732325e-01,4.790210437293933587e-01,5.196964267341142030e-01,4.955477102728446659e-01,5.104092654753474845e-01,5.115026452439269677e-01,3.664790916977744839e-01,4.020710756391527863e-01,2.419893815130740866e-01,4.064500613775108295e-01,7.042664389392893493e-03,6.429593946483276590e-02,3.525332057350252235e-01,4.263683206837083350e-01,4.141250182034867389e-01,4.476824161300237970e-01,5.561284354839388655e-01,5.584773880034520355e-01,7.093148448618361579e-01,1.000000000000000000e+00,2.213408675095260118e-03,2.899990912118664554e-01,4.467550576736232237e-01
3.910853548500153182e-02,1.846527124376080853e-02,1.424526914257558119e-02,2.120825240433924300e-02,2.518661339784620048e-02,2.455595495770808434e-02,2.265952992807927779e-02,4.780299711494489200e-03,2.872525711719078889e-02,2.437931566877506173e-02,2.801338930501661925e-02,9.174570423314527476e-03,4.308023438475424606e-03,3.216960631266323201e-02,2.288432171051340766e-02,9.317808521694040738e-03,2.744002966126739967e-02,2.492297366861468202e-02,2.559834475250228475e-02,2.463977273054313022e-02,1.992930345374302470e-03,1.000000000000000000e+00,5.605120656536545509e-02,3.390147872584561850e-02
3.255509636372171389e-01,6.529206818738307605e-02,1.148706790950971834e-01,1.847549538269038782e-01,1.677116145693038074e-01,1.831504153526052336e-01,1.781419301282156087e-01,6.647641241504122223e-02,2.907291341820654185e-01,8.704597335544295156e-02,1.324549934995613854e-01,4.506988271967355721e-03,1.248149403441235240e-02,5.302601399288096040e-01,8.848996763692475176e-02,8.107430741956295206e-02,3.379321389040889079e-01,2.799228261045630384e-01,2.831278661600418745e-01,5.761478383456720698e-01,2.893530571971473786e-01,5.844313923696783236e-02,1.000000000000000000e+00,2.288624375361999475e-01
5.354178296681946225e-01,6.757338740063267846e-01,7.126459404089656724e-01,7.976793473191544637e-01,7.678681446278629030e-01,7.902054276182599590e-01,7.936211471374721160e-01,2.980656450829777260e-01,8.701970329630485113e-01,6.803160876131914003e-01,7.407124944595581129e-01,1.655766698583889251e-01,1.944286905428381507e-01,5.914234083195756275e-01,6.690142434504973146e-01,5.943889094460318434e-01,8.079817100711460531e-01,8.559499082018242611e-01,8.551489780842043142e-01,4.283769322627831722e-01,4.459888886871274383e-01,3.420840801928801134e-02,2.317108619639205724e-01,1.000000000000000000e+00
